patterns,([^/]*\\.)?atl-paas\\.net(/.*)?$,trustworthy
patterns,([^/]*\\.)?atl\\.orangelogic\\.com(/.*)?$,trustworthy
patterns,([^/]*\\.)?atlassian-3p\\.com(/.*)?$,trustworthy
patterns,([^/]*\\.)?atlassian-dev\\.net(/.*)?$,trustworthy
patterns,([^/]*\\.)?atlassian\\.com(/.*)?$,trustworthy
patterns,([^/]*\\.)?atlassian\\.net(/.*)?$,trustworthy
patterns,([^/]*\\.)?awswaf\\.com(/.*)?$,trustworthy
patterns,([^/]*\\.)?bitbucket\\.org(/.*)?$,trustworthy
patterns,([^/]*\\.)?cloudfront\\.net(/.*)?$,trustworthy
patterns,([^/]*\\.)?cookielaw\\.org(/.*)?$,trustworthy
patterns,([^/]*\\.)?giphy\\.com(/.*)?$,trustworthy
patterns,([^/]*\\.)?googleapis\\.com(/.*)?$,trustworthy
patterns,([^/]*\\.)?gravatar\\.com(/.*)?$,trustworthy
patterns,([^/]*\\.)?gstatic\\.cn(/.*)?$,trustworthy
patterns,([^/]*\\.)?gstatic\\.com(/.*)?$,trustworthy
patterns,([^/]*\\.)?ingest\\.sentry\\.io(/.*)?$,trustworthy
patterns,([^/]*\\.)?intercom\\.io(/.*)?$,trustworthy
patterns,([^/]*\\.)?intercomcdn\\.com(/.*)?$,trustworthy
patterns,([^/]*\\.)?jira\\.com(/.*)?$,trustworthy
patterns,([^/]*\\.)?launchdarkly\\.com(/.*)?$,trustworthy
patterns,([^/]*\\.)?optimizely\\.com(/.*)?$,trustworthy
patterns,([^/]*\\.)?pndsn\\.com(/.*)?$,trustworthy
patterns,([^/]*\\.)?recaptcha\\.net(/.*)?$,trustworthy
patterns,([^/]*\\.)?s3\\.us-west-2\\.amazonaws\\.com(/.*)?$,trustworthy
patterns,([^/]*\\.)?segment\\.io(/.*)?$,trustworthy
patterns,([^/]*\\.)?sentry-cdn\\.com(/.*)?$,trustworthy
patterns,([^/]*\\.)?slack-edge\\.com(/.*)?$,trustworthy
patterns,([^/]*\\.)?ss-inf\\.net(/.*)?$,trustworthy
patterns,([^/]*\\.)?wp\\.com(/.*)?$,trustworthy
string,accounts.google.com,trustworthy
string,api-private.atlassian.com,trustworthy
string,api.atlassian.com,trustworthy
string,api.media.atlassian.com,trustworthy
string,api.statsig.com,trustworthy
string,app-migration-service.services.atlassian.com,trustworthy
string,bitbucket.org,trustworthy
string,cdn.segment.com,trustworthy
string,data.pendo.io,trustworthy
string,developer.atlassian.com,trustworthy
string,events.statsigapi.net,trustworthy
string,featureassets.org,trustworthy
string,id.atlassian.com,trustworthy
string,images.unsplash.com,trustworthy
string,marketplace.atlassian.com,trustworthy
patterns,micros--[^/]*--migration-report-center--report-data\\.s3\\.[^/]*\\.amazonaws\\.com(/.*)?$,trustworthy
string,micros--prod-east--migration-report-center--report-data.s3.us-east-1.amazonaws.com,trustworthy
string,migration-service.services.atlassian.com,trustworthy
string,migration.atlassian.com,trustworthy
string,mp-module-federation.prod-east.frontend.public.atl-paas.net,trustworthy
string,prodregistryv2.org,trustworthy
string,recaptcha.google.com,trustworthy
string,recaptcha.net,trustworthy
patterns,rps--[^/]*--migration-report-center--report-data\\.s3\\.[^/]*\\.amazonaws\\.com(/.*)?$,trustworthy
string,rps--prod-east--app-migration-service--ams.s3-accelerate.amazonaws.com,trustworthy
string,rps--prod-east--app-migration-service--ams.s3.amazonaws.com,trustworthy
string,rps--prod-west2--migration-catalogue--migration-storage.s3.us-west-2.amazonaws.com,trustworthy
string,rps--prod-west2--migration-orchestrator--task-data-repository.s3.us-west-2.amazonaws.com,trustworthy
string,rps--prod-west2--migration-report-center--report-data.s3.us-west-2.amazonaws.com,trustworthy
string,statsigapi.net,trustworthy
string,teamwork-graph.atlassian.com,trustworthy
string,teamworkgraph.ai,trustworthy
string,teamworkgraph.com,trustworthy
string,www.google.com,trustworthy
string,www.teamwork-graph.atlassian.com,trustworthy
string,www.teamworkgraph.ai,trustworthy
string,www.teamworkgraph.com,trustworthy
