patterns,([^/]*\\.)?actions\\.githubusercontent\\.com(/.*)?$,trustworthy
patterns,([^/]*\\.)?api\\.github\\.com(/.*)?$,trustworthy
patterns,([^/]*\\.)?ghcr\\.io(/.*)?$,trustworthy
patterns,([^/]*\\.)?github\\.com(/.*)?$,trustworthy
patterns,([^/]*\\.)?github\\.dev(/.*)?$,trustworthy
patterns,([^/]*\\.)?github\\.io(/.*)?$,trustworthy
patterns,([^/]*\\.)?githubapp\\.com(/.*)?$,trustworthy
patterns,([^/]*\\.)?githubassets\\.com(/.*)?$,trustworthy
patterns,([^/]*\\.)?githubcopilot\\.com(/.*)?$,trustworthy
patterns,([^/]*\\.)?githubusercontent\\.com(/.*)?$,trustworthy
patterns,([^/]*\\.)?pkg\\.github\\.com(/.*)?$,trustworthy
patterns,([^/]*\\.)?vscode-webview\\.net(/.*)?$,trustworthy
string,api.github.com,trustworthy
string,broker.actions.githubusercontent.com,trustworthy
string,cafe.github.com,trustworthy
string,codeload.github.com,trustworthy
string,containers.pkg.github.com,trustworthy
string,default.exp-tas.com,trustworthy
string,docker-proxy.pkg.github.com,trustworthy
string,docker.pkg.github.com,trustworthy
string,fulcio.githubapp.com,trustworthy
string,ghcr.io,trustworthy
string,github-registry-files.githubusercontent.com,trustworthy
string,github-releases.githubusercontent.com,trustworthy
string,github.com,trustworthy
string,hosted-compute-request-orchestrator-prod-eus-01.githubapp.com,trustworthy
string,hosted-compute-request-orchestrator-prod-eus-02.githubapp.com,trustworthy
string,hosted-compute-request-orchestrator-prod-iad-01.githubapp.com,trustworthy
string,hosted-compute-request-orchestrator-prod-iad-02.githubapp.com,trustworthy
string,launch.actions.githubusercontent.com,trustworthy
string,maven.pkg.github.com,trustworthy
string,mavenregistryv2prod.blob.core.windows.net,trustworthy
string,mpsghub.actions.githubusercontent.com,trustworthy
string,npm-beta-proxy.pkg.github.com,trustworthy
string,npm-beta.pkg.github.com,trustworthy
string,npm-proxy.pkg.github.com,trustworthy
string,npm.pkg.github.com,trustworthy
string,npmregistryv2prod.blob.core.windows.net,trustworthy
string,nuget.pkg.github.com,trustworthy
string,nugetregistryv2prod.blob.core.windows.net,trustworthy
string,objects-origin.githubusercontent.com,trustworthy
string,objects.githubusercontent.com,trustworthy
string,pipelinesghubeus1.actions.githubusercontent.com,trustworthy
string,pipelinesghubeus10.actions.githubusercontent.com,trustworthy
string,pipelinesghubeus11.actions.githubusercontent.com,trustworthy
string,pipelinesghubeus12.actions.githubusercontent.com,trustworthy
string,pipelinesghubeus13.actions.githubusercontent.com,trustworthy
string,pipelinesghubeus14.actions.githubusercontent.com,trustworthy
string,pipelinesghubeus15.actions.githubusercontent.com,trustworthy
string,pipelinesghubeus2.actions.githubusercontent.com,trustworthy
string,pipelinesghubeus20.actions.githubusercontent.com,trustworthy
string,pipelinesghubeus21.actions.githubusercontent.com,trustworthy
string,pipelinesghubeus22.actions.githubusercontent.com,trustworthy
string,pipelinesghubeus23.actions.githubusercontent.com,trustworthy
string,pipelinesghubeus24.actions.githubusercontent.com,trustworthy
string,pipelinesghubeus25.actions.githubusercontent.com,trustworthy
string,pipelinesghubeus26.actions.githubusercontent.com,trustworthy
string,pipelinesghubeus3.actions.githubusercontent.com,trustworthy
string,pipelinesghubeus4.actions.githubusercontent.com,trustworthy
string,pipelinesghubeus5.actions.githubusercontent.com,trustworthy
string,pipelinesghubeus6.actions.githubusercontent.com,trustworthy
string,pipelinesghubeus7.actions.githubusercontent.com,trustworthy
string,pipelinesghubeus8.actions.githubusercontent.com,trustworthy
string,pipelinesghubeus9.actions.githubusercontent.com,trustworthy
string,pipelinesproxcnc1.actions.githubusercontent.com,trustworthy
string,pipelinesproxcus1.actions.githubusercontent.com,trustworthy
string,pipelinesproxeau1.actions.githubusercontent.com,trustworthy
string,pipelinesproxjpw1.actions.githubusercontent.com,trustworthy
string,pipelinesproxsdc1.actions.githubusercontent.com,trustworthy
string,pipelinesproxweu1.actions.githubusercontent.com,trustworthy
string,pipelinesproxwus31.actions.githubusercontent.com,trustworthy
string,pipelinesproxwus32.actions.githubusercontent.com,trustworthy
string,pkg.actions.githubusercontent.com,trustworthy
string,productionresultssa0.blob.core.windows.net,trustworthy
string,productionresultssa1.blob.core.windows.net,trustworthy
string,productionresultssa10.blob.core.windows.net,trustworthy
string,productionresultssa11.blob.core.windows.net,trustworthy
string,productionresultssa12.blob.core.windows.net,trustworthy
string,productionresultssa13.blob.core.windows.net,trustworthy
string,productionresultssa14.blob.core.windows.net,trustworthy
string,productionresultssa15.blob.core.windows.net,trustworthy
string,productionresultssa16.blob.core.windows.net,trustworthy
string,productionresultssa17.blob.core.windows.net,trustworthy
string,productionresultssa18.blob.core.windows.net,trustworthy
string,productionresultssa19.blob.core.windows.net,trustworthy
string,productionresultssa2.blob.core.windows.net,trustworthy
string,productionresultssa3.blob.core.windows.net,trustworthy
string,productionresultssa4.blob.core.windows.net,trustworthy
string,productionresultssa5.blob.core.windows.net,trustworthy
string,productionresultssa6.blob.core.windows.net,trustworthy
string,productionresultssa7.blob.core.windows.net,trustworthy
string,productionresultssa8.blob.core.windows.net,trustworthy
string,productionresultssa9.blob.core.windows.net,trustworthy
string,pypi.pkg.github.com,trustworthy
string,release-assets.githubusercontent.com,trustworthy
string,results-receiver.actions.githubusercontent.com,trustworthy
string,rubygems.pkg.github.com,trustworthy
string,rubygemsregistryv2prod.blob.core.windows.net,trustworthy
string,run-actions-1-azure-eastus.actions.githubusercontent.com,trustworthy
string,run-actions-2-azure-eastus.actions.githubusercontent.com,trustworthy
string,run-actions-3-azure-eastus.actions.githubusercontent.com,trustworthy
string,runner-auth.actions.githubusercontent.com,trustworthy
string,runnerghubeus1.actions.githubusercontent.com,trustworthy
string,runnerghubeus20.actions.githubusercontent.com,trustworthy
string,runnerghubeus21.actions.githubusercontent.com,trustworthy
string,runnerghubwus31.actions.githubusercontent.com,trustworthy
string,runnerproxcnc1.actions.githubusercontent.com,trustworthy
string,runnerproxcus1.actions.githubusercontent.com,trustworthy
string,runnerproxeau1.actions.githubusercontent.com,trustworthy
string,runnerproxjpw1.actions.githubusercontent.com,trustworthy
string,runnerproxsdc1.actions.githubusercontent.com,trustworthy
string,runnerproxweu1.actions.githubusercontent.com,trustworthy
string,setup-tools.actions.githubusercontent.com,trustworthy
string,swift.pkg.github.com,trustworthy
string,timestamp.githubapp.com,trustworthy
string,tokenghub.actions.githubusercontent.com,trustworthy
string,tuf-repo.github.com,trustworthy
string,vstoken.actions.githubusercontent.com,trustworthy
