patterns,[^/]*\\.aadrm\\.com(/.*)?$,trustworthy
patterns,[^/]*\\.acompli\\.net(/.*)?$,trustworthy
patterns,[^/]*\\.activity\\.windows\\.com(/.*)?$,trustworthy
patterns,[^/]*\\.appex-rf\\.msn\\.com(/.*)?$,trustworthy
patterns,[^/]*\\.appex\\.bing\\.com(/.*)?$,trustworthy
patterns,[^/]*\\.aria\\.microsoft\\.com(/.*)?$,trustworthy
patterns,[^/]*\\.assets-yammer\\.com(/.*)?$,trustworthy
patterns,[^/]*\\.auth\\.microsoft\\.com(/.*)?$,trustworthy
patterns,[^/]*\\.azure-apim\\.net(/.*)?$,trustworthy
patterns,[^/]*\\.azurerms\\.com(/.*)?$,trustworthy
patterns,[^/]*\\.cloud\\.microsoft(/.*)?$,trustworthy
patterns,[^/]*\\.cortana\\.ai(/.*)?$,trustworthy
patterns,[^/]*\\.entrust\\.net(/.*)?$,trustworthy
patterns,[^/]*\\.events\\.data\\.microsoft\\.com(/.*)?$,trustworthy
patterns,[^/]*\\.flow\\.microsoft\\.com(/.*)?$,trustworthy
patterns,[^/]*\\.geotrust\\.com(/.*)?$,trustworthy
patterns,[^/]*\\.hip\\.live\\.com(/.*)?$,trustworthy
patterns,[^/]*\\.informationprotection\\.azure\\.com(/.*)?$,trustworthy
patterns,[^/]*\\.keydelivery\\.mediaservices\\.windows\\.net(/.*)?$,trustworthy
patterns,[^/]*\\.lync\\.com(/.*)?$,trustworthy
patterns,[^/]*\\.mail\\.protection\\.outlook\\.com(/.*)?$,trustworthy
patterns,[^/]*\\.microsoft\\.com(/.*)?$,trustworthy
patterns,[^/]*\\.microsoftonline-p\\.com(/.*)?$,trustworthy
patterns,[^/]*\\.microsoftonline\\.com(/.*)?$,trustworthy
patterns,[^/]*\\.microsoftusercontent\\.com(/.*)?$,trustworthy
patterns,[^/]*\\.msauth\\.net(/.*)?$,trustworthy
patterns,[^/]*\\.msauthimages\\.net(/.*)?$,trustworthy
patterns,[^/]*\\.msecnd\\.net(/.*)?$,trustworthy
patterns,[^/]*\\.msftauth\\.net(/.*)?$,trustworthy
patterns,[^/]*\\.msftauthimages\\.net(/.*)?$,trustworthy
patterns,[^/]*\\.msftidentity\\.com(/.*)?$,trustworthy
patterns,[^/]*\\.msidentity\\.com(/.*)?$,trustworthy
patterns,[^/]*\\.msocdn\\.com(/.*)?$,trustworthy
patterns,[^/]*\\.mx\\.microsoft(/.*)?$,trustworthy
patterns,[^/]*\\.o365weve\\.com(/.*)?$,trustworthy
patterns,[^/]*\\.office\\.com(/.*)?$,trustworthy
patterns,[^/]*\\.office\\.net(/.*)?$,trustworthy
patterns,[^/]*\\.office365\\.com(/.*)?$,trustworthy
patterns,[^/]*\\.officeapps\\.live\\.com(/.*)?$,trustworthy
patterns,[^/]*\\.omniroot\\.com(/.*)?$,trustworthy
patterns,[^/]*\\.onenote\\.com(/.*)?$,trustworthy
patterns,[^/]*\\.online\\.office\\.com(/.*)?$,trustworthy
patterns,[^/]*\\.onmicrosoft\\.com(/.*)?$,trustworthy
patterns,[^/]*\\.outlook\\.com(/.*)?$,trustworthy
patterns,[^/]*\\.outlookmobile\\.com(/.*)?$,trustworthy
patterns,[^/]*\\.phonefactor\\.net(/.*)?$,trustworthy
patterns,[^/]*\\.portal\\.cloudappsecurity\\.com(/.*)?$,trustworthy
patterns,[^/]*\\.powerapps\\.com(/.*)?$,trustworthy
patterns,[^/]*\\.powerautomate\\.com(/.*)?$,trustworthy
patterns,[^/]*\\.protection\\.office\\.com(/.*)?$,trustworthy
patterns,[^/]*\\.protection\\.outlook\\.com(/.*)?$,trustworthy
patterns,[^/]*\\.public-trust\\.com(/.*)?$,trustworthy
patterns,[^/]*\\.security\\.microsoft\\.com(/.*)?$,trustworthy
patterns,[^/]*\\.sharepoint\\.com(/.*)?$,trustworthy
patterns,[^/]*\\.sharepointonline\\.com(/.*)?$,trustworthy
patterns,[^/]*\\.skype\\.com(/.*)?$,trustworthy
patterns,[^/]*\\.static\\.microsoft(/.*)?$,trustworthy
patterns,[^/]*\\.streaming\\.mediaservices\\.windows\\.net(/.*)?$,trustworthy
patterns,[^/]*\\.svc\\.ms(/.*)?$,trustworthy
patterns,[^/]*\\.symcb\\.com(/.*)?$,trustworthy
patterns,[^/]*\\.symcd\\.com(/.*)?$,trustworthy
patterns,[^/]*\\.teams\\.cloud\\.microsoft(/.*)?$,trustworthy
patterns,[^/]*\\.teams\\.microsoft\\.com(/.*)?$,trustworthy
patterns,[^/]*\\.usercontent\\.microsoft(/.*)?$,trustworthy
patterns,[^/]*\\.verisign\\.com(/.*)?$,trustworthy
patterns,[^/]*\\.verisign\\.net(/.*)?$,trustworthy
patterns,[^/]*\\.virtualearth\\.net(/.*)?$,trustworthy
patterns,[^/]*\\.wns\\.windows\\.com(/.*)?$,trustworthy
patterns,[^/]*\\.yammer\\.com(/.*)?$,trustworthy
patterns,[^/]*\\.yammerusercontent\\.com(/.*)?$,trustworthy
patterns,[^/]*cdn\\.onenote\\.net(/.*)?$,trustworthy
string,account.activedirectory.windowsazure.com,trustworthy
string,account.live.com,trustworthy
string,accounts.accesscontrol.windows.net,trustworthy
string,activation.sls.microsoft.com,trustworthy
string,activity.windows.com,trustworthy
string,adl.windows.com,trustworthy
string,admin.microsoft.com,trustworthy
string,admin.onedrive.com,trustworthy
string,adminwebservice.microsoftonline.com,trustworthy
string,ajax.aspnetcdn.com,trustworthy
string,aka.ms,trustworthy
string,amp.azure.net,trustworthy
string,api.passwordreset.microsoftonline.com,trustworthy
string,apis.live.net,trustworthy
string,appsforoffice.microsoft.com,trustworthy
string,assets.onestore.ms,trustworthy
string,auth.gfx.ms,trustworthy
patterns,autodiscover\\.[^/]*\\.onmicrosoft\\.com(/.*)?$,trustworthy
string,autologon.microsoftazuread-sso.com,trustworthy
string,becws.microsoftonline.com,trustworthy
string,c.bing.com,trustworthy
string,c.bing.net,trustworthy
string,c.live.com,trustworthy
string,c1.microsoft.com,trustworthy
string,cacerts.digicert.com,trustworthy
string,ccs.login.microsoftonline.com,trustworthy
string,cdn.odc.officeapps.live.com,trustworthy
string,cdn.uci.officeapps.live.com,trustworthy
string,cert.int-x3.letsencrypt.org,trustworthy
string,clientconfig.microsoftonline-p.net,trustworthy
string,companymanager.microsoftonline.com,trustworthy
string,compliance.microsoft.com,trustworthy
string,crl.globalsign.com,trustworthy
string,crl.globalsign.net,trustworthy
string,crl.identrust.com,trustworthy
string,crl.microsoft.com,trustworthy
string,crl3.digicert.com,trustworthy
string,crl4.digicert.com,trustworthy
string,dc.services.visualstudio.com,trustworthy
string,defender.microsoft.com,trustworthy
string,device.login.microsoftonline.com,trustworthy
string,dgps.support.microsoft.com,trustworthy
string,docs.microsoft.com,trustworthy
string,ecn.dev.virtualearth.net,trustworthy
string,enterpriseregistration.windows.net,trustworthy
string,eus-www.sway-cdn.com,trustworthy
string,eus-www.sway-extensions.com,trustworthy
string,g.live.com,trustworthy
string,go.microsoft.com,trustworthy
string,graph.microsoft.com,trustworthy
string,graph.windows.net,trustworthy
string,informationprotection.hosting.portal.azure.net,trustworthy
string,isrg.trustid.ocsp.identrust.com,trustworthy
string,join.secure.skypeassets.com,trustworthy
string,login-us.microsoftonline.com,trustworthy
string,login.live.com,trustworthy
string,login.microsoft.com,trustworthy
string,login.microsoftonline-p.com,trustworthy
string,login.microsoftonline.com,trustworthy
string,login.windows-ppe.net,trustworthy
string,login.windows.net,trustworthy
string,logincert.microsoftonline.com,trustworthy
string,loginex.microsoftonline.com,trustworthy
string,mem.gfx.ms,trustworthy
string,mlccdnprod.azureedge.net,trustworthy
string,mscrl.microsoft.com,trustworthy
string,msdn.microsoft.com,trustworthy
string,nexus.microsoftonline-p.com,trustworthy
string,o15.officeredir.microsoft.com,trustworthy
string,ocos-office365-s2s.msedge.net,trustworthy
string,ocsp.digicert.com,trustworthy
string,ocsp.globalsign.com,trustworthy
string,ocsp.msocsp.com,trustworthy
string,ocsp2.globalsign.com,trustworthy
string,ocspx.digicert.com,trustworthy
string,office.live.com,trustworthy
string,office15client.microsoft.com,trustworthy
string,officeapps.live.com,trustworthy
string,officecdn.microsoft.com,trustworthy
string,officeclient.microsoft.com,trustworthy
string,officepreviewredir.microsoft.com,trustworthy
string,officeredir.microsoft.com,trustworthy
string,officespeech.platform.bing.com,trustworthy
string,oneclient.sfx.ms,trustworthy
string,oneocsp.microsoft.com,trustworthy
string,otelrules.azureedge.net,trustworthy
string,outlook.cloud.microsoft,trustworthy
string,outlook.office.com,trustworthy
string,outlook.office365.com,trustworthy
string,partnerservices.getmicrosoftkey.com,trustworthy
string,passwordreset.microsoftonline.com,trustworthy
string,platform.linkedin.com,trustworthy
string,prod.msocdn.com,trustworthy
string,protection.office.com,trustworthy
string,provisioningapi.microsoftonline.com,trustworthy
string,purview.microsoft.com,trustworthy
string,r.office.microsoft.com,trustworthy
string,secure.globalsign.com,trustworthy
string,security.microsoft.com,trustworthy
string,shellprod.msocdn.com,trustworthy
string,signup.live.com,trustworthy
string,smtp.office365.com,trustworthy
string,spoprod-a.akamaihd.net,trustworthy
string,storage.live.com,trustworthy
string,support.microsoft.com,trustworthy
string,sway.com,trustworthy
string,teams.cloud.microsoft,trustworthy
string,teams.microsoft.com,trustworthy
string,technet.microsoft.com,trustworthy
string,tse1.mm.bing.net,trustworthy
string,wus-www.sway-cdn.com,trustworthy
string,wus-www.sway-extensions.com,trustworthy
string,www.bing.com,trustworthy
string,www.digicert.com,trustworthy
string,www.microsoft.com,trustworthy
string,www.microsoft365.com,trustworthy
string,www.onedrive.com,trustworthy
string,www.outlook.com,trustworthy
string,www.sway.com,trustworthy
