patterns,([^/]*\\.)?accompany\\.com(/.*)?$,trustworthy
patterns,([^/]*\\.)?amplitude\\.com(/.*)?$,trustworthy
patterns,([^/]*\\.)?appdynamics\\.com(/.*)?$,trustworthy
patterns,([^/]*\\.)?cisco\\.com(/.*)?$,trustworthy
patterns,([^/]*\\.)?ciscospark\\.com(/.*)?$,trustworthy
patterns,([^/]*\\.)?ciscosparkcontent\\.com(/.*)?$,trustworthy
patterns,([^/]*\\.)?cloudconnector\\.webex\\.com(/.*)?$,trustworthy
patterns,([^/]*\\.)?clouddrive\\.com(/.*)?$,trustworthy
patterns,([^/]*\\.)?data\\.logentries\\.com(/.*)?$,trustworthy
patterns,([^/]*\\.)?digicert\\.com(/.*)?$,trustworthy
patterns,([^/]*\\.)?docker\\.com(/.*)?$,trustworthy
patterns,([^/]*\\.)?docker\\.io(/.*)?$,trustworthy
patterns,([^/]*\\.)?eum-appdynamics\\.com(/.*)?$,trustworthy
patterns,([^/]*\\.)?giphy\\.com(/.*)?$,trustworthy
patterns,([^/]*\\.)?globalsign\\.com(/.*)?$,trustworthy
patterns,([^/]*\\.)?godaddy\\.com(/.*)?$,trustworthy
patterns,([^/]*\\.)?google\\.com(/.*)?$,trustworthy
patterns,([^/]*\\.)?googleapis\\.com(/.*)?$,trustworthy
patterns,([^/]*\\.)?identrust\\.com(/.*)?$,trustworthy
patterns,([^/]*\\.)?intel\\.com(/.*)?$,trustworthy
patterns,([^/]*\\.)?lencr\\.org(/.*)?$,trustworthy
patterns,([^/]*\\.)?livestream\\.webex\\.com(/.*)?$,trustworthy
patterns,([^/]*\\.)?livestreaming\\.webex\\.com(/.*)?$,trustworthy
patterns,([^/]*\\.)?quovadisglobal\\.com(/.*)?$,trustworthy
patterns,([^/]*\\.)?rackcdn\\.com(/.*)?$,trustworthy
patterns,([^/]*\\.)?s3\\.us-east-1\\.amazonaws\\.com(/.*)?$,trustworthy
patterns,([^/]*\\.)?sli\\.do(/.*)?$,trustworthy
patterns,([^/]*\\.)?slido\\.com(/.*)?$,trustworthy
patterns,([^/]*\\.)?sparkpostmail\\.com(/.*)?$,trustworthy
patterns,([^/]*\\.)?sparkpostmail1\\.com(/.*)?$,trustworthy
patterns,([^/]*\\.)?vbrickrev\\.com(/.*)?$,trustworthy
patterns,([^/]*\\.)?walkme\\.com(/.*)?$,trustworthy
patterns,([^/]*\\.)?wbx2\\.com(/.*)?$,trustworthy
patterns,([^/]*\\.)?webex\\.com(/.*)?$,trustworthy
patterns,([^/]*\\.)?webexapis\\.com(/.*)?$,trustworthy
patterns,([^/]*\\.)?webexcontent\\.com(/.*)?$,trustworthy
patterns,[^/]*dkr\\.ecr\\.us-east-1\\.amazonaws\\.com(/.*)?$,trustworthy
patterns,[^/]*s3\\.amazonaws\\.com(/.*)?$,trustworthy
string,ajax.aspnetcdn.com,trustworthy
string,appsforoffice.microsoft.com,trustworthy
string,cdn.jsdelivr.net,trustworthy
string,cdnjs.cloudflare.com,trustworthy
string,ecr.us-east-1.amazonaws.com,trustworthy
string,s3.walkmeusercontent.com,trustworthy
string,safebrowsing.googleapis.com,trustworthy
string,slido-assets-production.s3.eu-west-1.amazonaws.com,trustworthy
string,static2.sharepointonline.com,trustworthy
