patterns,([^/]*\\.)?hcaptcha\\.com(/.*)?$,trustworthy
patterns,([^/]*\\.)?zoom\\.com(/.*)?$,trustworthy
patterns,([^/]*\\.)?zoom\\.us(/.*)?$,trustworthy
patterns,([^/]*\\.)?zoomapp\\.cloud(/.*)?$,trustworthy
patterns,([^/]*\\.)?zoomstatus\\.com(/.*)?$,trustworthy
string,cdn.cookielaw.org,trustworthy
string,certificates.godaddy.com,trustworthy
string,certificates.starfieldtech.com,trustworthy
string,crl.comodoca.com,trustworthy
string,crl.entrust.net,trustworthy
string,crl.godaddy.com,trustworthy
string,crl.sectigo.com,trustworthy
string,crl.starfieldtech.com,trustworthy
string,crl.usertrust.com,trustworthy
string,crl3.digicert.com,trustworthy
string,crl4.digicert.com,trustworthy
string,googleapis.com,trustworthy
string,googletagmanager.com,trustworthy
string,gstatic.com,trustworthy
string,ocsp.comodoca.com,trustworthy
string,ocsp.digicert.com,trustworthy
string,ocsp.godaddy.com,trustworthy
string,ocsp.sectigo.com,trustworthy
string,ocsp.starfieldtech.com,trustworthy
string,ocsp.usertrust.com,trustworthy
